{
  "Total" : {
    "transaction" : "Total",
    "sampleCount" : 169,
    "errorCount" : 0,
    "errorPct" : 0.0,
    "meanResTime" : 7709.331360946745,
    "medianResTime" : 7439.0,
    "minResTime" : 1117.0,
    "maxResTime" : 16764.0,
    "pct1ResTime" : 16584.0,
    "pct2ResTime" : 16607.0,
    "pct3ResTime" : 16702.4,
    "throughput" : 6.198650234741784,
    "receivedKBytesPerSec" : 3.19041220794821,
    "sentKBytesPerSec" : 0.774831279342723
  },
  "HTTP Request" : {
    "transaction" : "HTTP Request",
    "sampleCount" : 169,
    "errorCount" : 0,
    "errorPct" : 0.0,
    "meanResTime" : 7709.331360946745,
    "medianResTime" : 7439.0,
    "minResTime" : 1117.0,
    "maxResTime" : 16764.0,
    "pct1ResTime" : 16584.0,
    "pct2ResTime" : 16607.0,
    "pct3ResTime" : 16702.4,
    "throughput" : 6.198650234741784,
    "receivedKBytesPerSec" : 3.19041220794821,
    "sentKBytesPerSec" : 0.774831279342723
  }
}